{"cameraMode":{"drawMode":0,"name":"Shaded","section":"Shading Mode"},"sceneLighting":true,"audioPlay":false,"sceneViewState":{"showFog":true,"showMaterialUpdate":false,"showSkybox":true,"showFlares":true,"showImageEffects":true,"showParticleSystems":true},"in2DMode":false,"pivot":{"x":-0.41568320989608767,"y":-0.13369646668434144,"z":0.7148188948631287},"rotation":{"x":0.15547969937324525,"y":-0.39375871419906618,"z":0.06770428270101547,"w":0.9034737348556519},"size":3.6459412574768068,"orthographic":false}