{"cameraMode":{"drawMode":0,"name":"Shaded","section":"Shading Mode"},"sceneLighting":true,"audioPlay":false,"sceneViewState":{"showFog":true,"showMaterialUpdate":false,"showSkybox":true,"showFlares":true,"showImageEffects":true,"showParticleSystems":true},"in2DMode":false,"pivot":{"x":-0.8756510615348816,"y":0.19981776177883149,"z":-0.12263822555541992},"rotation":{"x":0.044079411774873736,"y":-0.669427752494812,"z":0.039765920490026477,"w":0.7405475974082947},"size":2.745941400527954,"orthographic":false}